{
	"info": {
		"_postman_id": "2eb7a070-e851-48e6-8d53-5a7b5e4fead7",
		"name": "Lab1 Microservicios",
		"schema": "https://schema.getpostman.com/json/collection/v2.1.0/collection.json",
		"_exporter_id": "14840399"
	},
	"item": [
			{
			"name": "Inspections",
			"item": [
				{
					"name": "[C] Crear tipo de inspeccion",
					"request": {
						"method": "POST",
						"header": [
							{
								"key": "x-api-key",
								"value": "{{API_KEY}}",
								"type": "text"
							}
							
						],
						"body": {
							"mode": "raw",
							"raw": "{\r\n    \"inspectionId\": \"Inspeccion en campo abierto\",\r\n    \"herramientaInspeccion\": \"Drone\",\r\n    \"metrajeInspeccion\": 500,\r\n    \"tiempoInspeccion\": 50\r\n}",
							"options": {
								"raw": {
									"language": "json"
								}
							}
						},
						"url": {
							"raw": "{{API_LOCAL_URL_8080}}/inspections",
							"host": [
								"{{API_LOCAL_URL_8080}}"
							],
							"path": [
								"inspections"
							]
						}
					},
					"response": []
				},
				{
					"name": "[R] Obtener todos los tipos de inspecciones",
					"request": {
						"method": "GET",
						"header": [
							{
								"key": "x-api-key",
								"value": "{{API_KEY}}",
								"type": "text"
							}
						],
						"url": {
							"raw": "{{API_LOCAL_URL_8080}}/inspections",
							"host": [
								"{{API_LOCAL_URL_8080}}"
							],
							"path": [
								"inspections"
							]
						}
					},
					"response": []
				},
				{
					"name": "[R] Obtener tipo de inspeccion por id",
					"request": {
						"method": "GET",
						"header": [
							{
								"key": "x-api-key",
								"value": "{{API_KEY}}",
								"type": "text"
							}
						],
						"url": {
							"raw": "{{API_LOCAL_URL_8080}}/inspections/:inspection_id",
							"host": [
								"{{API_LOCAL_URL_8080}}"
							],
							"path": [
								"inspections",
								":inspection_id"
							],
							"variable": [
								{
									"key": "inspection_id",
									"value": "ad4b7547-1e23-42fd-b1a6-2213652cf6c0"
								}
							]
						}
					},
					"response": []
				},
				{
					"name": "[U] Actualizar tipo de inspeccion",
					"request": {
						"method": "PUT",
						"header": [
							{
								"key": "x-api-key",
								"value": "{{API_KEY}}",
								"type": "text"
							}
						],
						"body": {
							"mode": "raw",
							"raw": "{\r\n    \"inspectionId\": \"Inspeccion en campo abierto\",\r\n    \"herramientaInspeccion\": \"Drone\",\r\n    \"metrajeInspeccion\": 500,\r\n    \"tiempoInspeccion\": 50\r\n}",
							"options": {
								"raw": {
									"language": "json"
								}
							}
						},
						"url": {
							"raw": "{{API_LOCAL_URL_8080}}/inspections/:inspection_id",
							"host": [
								"{{API_LOCAL_URL_8080}}"
							],
							"path": [
								"inspections",
								":inspection_id"
							],
							"variable": [
								{
									"key": "inspection_id",
									"value": "94a2c51c-e6cf-4956-a6dd-2b3b324ea084"
								}
							]
						}
					},
					"response": []
				},
				{
					"name": "[D] Eliminar tipo de inspeccion",
					"request": {
						"method": "DELETE",
						"header": [
							{
								"key": "x-api-key",
								"value": "{{API_KEY}}",
								"type": "text"
							}
						],
						"url": {
							"raw": "{{API_LOCAL_URL_8080}}/inspections/:inspection_id",
							"host": [
								"{{API_LOCAL_URL_8080}}"
							],
							"path": [
								"inspections",
								":inspection_id"
							],
							"variable": [
								{
									"key": "inspection_id",
									"value": ""
								}
							]
						}
					},
					"response": []
				}
			]
		},{
			"name": "Operations",
			"item": [
				{
					"name": "[C] Crear operacion",
					"request": {
						"method": "POST",
						"header": [
							{
								"key": "x-api-key",
								"value": "{{API_KEY}}",
								"type": "text"
							}
							
						],
						"body": {
							"mode": "raw",
							"raw": "{\r\n    \"idTipoInspeccion\": 1,\r\n    \"metrajeReal\": 600,\r\n    \"tiempoReal\": 80,\r\n    \"datos\": \"Completo\"\r\n}",
							"options": {
								"raw": {
									"language": "json"
								}
							}
						},
						"url": {
							"raw": "{{API_LOCAL_URL_9090}}/operations",
							"host": [
								"{{API_LOCAL_URL_9090}}"
							],
							"path": [
								"operations"
							]
						}
					},
					"response": []
				}
			]
		}
	],
	"auth": {
		"type": "inherit"
	},
	"event": [
		{
			"listen": "prerequest",
			"script": {
				"type": "text/javascript",
				"exec": [
					""
				]
			}
		},
		{
			"listen": "test",
			"script": {
				"type": "text/javascript",
				"exec": [
					""
				]
			}
		}
	]
}