{
	"id": "93b8e7d0-05bc-4310-991e-b36791eac1c9",
	"name": "L3_L4 MS ENV",
	"values": [
		{
			"key": "API_URL",
			"value": "https://i88vnvbdd8.execute-api.eu-central-1.amazonaws.com/live",
			"type": "default",
			"enabled": true
		},
		{
			"key": "API_KEY",
			"value": "lcuEmKOeJl26nfCEFT1Sf8uxRdkegeZj3KvJQK9o",
			"type": "default",
			"enabled": true
		},
		{
			"key": "API_LOCAL_URL_8080",
			"value": "http://localhost:8080",
			"type": "default",
			"enabled": true
		},
		{
			"key": "API_LOCAL_URL_9090",
			"value": "http://localhost:9090",
			"type": "default",
			"enabled": true
		},
		{
			"key": "API_LOCAL_URL_8090",
			"value": "http://localhost:8090",
			"type": "default",
			"enabled": true
		},
		{
			"key": "AUTH_CALLBACK_URL",
			"value": "https://localhost:8090",
			"type": "default",
			"enabled": true
		}
	],
	"_postman_variable_scope": "environment",
	"_postman_exported_at": "2024-04-05T23:39:59.485Z",
	"_postman_exported_using": "Postman/10.24.11"
}